timestamp,thp_temp,humidity,pressure
2025-05-14T10:48:05.362260,24.8,55.22,1004.13
2025-05-14T10:48:06.775435,24.8,55.28,1004.13
2025-05-14T10:48:07.396767,24.8,55.28,1004.13
2025-05-14T10:48:08.403405,24.8,55.28,1004.13
2025-05-14T10:48:09.860469,24.81,55.7,1004.13
2025-05-14T10:48:10.417224,24.81,55.7,1004.13
2025-05-14T10:48:11.425417,24.81,55.7,1004.13
2025-05-14T10:48:12.797830,24.81,55.43,1004.12
2025-05-14T10:48:13.446194,24.81,55.43,1004.12
2025-05-14T10:48:14.457464,24.81,55.43,1004.12
2025-05-14T10:48:15.789891,24.81,55.43,1004.11
2025-05-14T10:48:16.474361,24.81,55.43,1004.11
2025-05-14T10:48:17.484674,24.81,55.43,1004.11
2025-05-14T10:48:18.803533,24.81,55.43,1004.11
2025-05-14T10:48:19.505703,24.81,55.43,1004.11
2025-05-14T10:48:20.519531,24.81,55.43,1004.11
2025-05-14T10:48:21.807369,24.84,62.59,1004.13
2025-05-14T10:48:22.557787,24.84,62.59,1004.13
2025-05-14T10:48:23.571276,24.84,62.59,1004.13
2025-05-14T10:48:24.809603,24.93,65.48,1004.11
2025-05-14T10:48:25.595109,24.93,65.48,1004.11
2025-05-14T10:48:26.606956,24.93,65.48,1004.11
2025-05-14T10:48:27.816323,25.24,75.24,1005.26
2025-05-14T10:48:28.618825,25.24,75.24,1005.26
2025-05-14T10:48:29.634538,25.24,75.24,1005.26
2025-05-14T10:48:30.812189,25.32,83.37,1005.95
2025-05-14T10:48:31.659039,25.32,83.37,1005.95
2025-05-14T10:48:32.689097,25.32,83.37,1005.95
2025-05-14T10:48:33.815277,25.47,85.73,1004.15
2025-05-14T10:48:34.716808,25.47,85.73,1004.15
2025-05-14T10:48:35.733539,25.47,85.73,1004.15
2025-05-14T10:48:36.829553,25.62,86.26,1003.53
2025-05-14T10:48:37.763686,25.62,86.26,1003.53
2025-05-14T10:48:38.779812,25.62,86.26,1003.53
2025-05-14T10:48:39.844260,26.1,88.98,1008.69
2025-05-14T10:48:40.789959,26.1,88.98,1008.69
2025-05-14T10:48:42.821746,26.38,89.61,991.83
2025-05-14T10:48:43.803088,26.38,89.61,991.83
2025-05-14T10:48:45.804856,26.25,87.74,977.36
2025-05-14T10:48:46.812510,26.25,87.74,977.36
2025-05-14T10:48:48.839261,26.48,78.55,977.39
2025-05-14T10:48:49.836456,26.48,78.55,977.39
2025-05-14T10:48:51.842868,26.67,69.85,1004.19
2025-05-14T10:48:51.858628,26.67,69.85,1004.19
2025-05-14T10:48:52.858430,26.67,69.85,1004.19
2025-05-14T10:48:54.858247,26.87,64.45,1004.2
2025-05-14T10:48:55.872511,26.87,64.45,1004.2
2025-05-14T10:48:57.871998,27.07,59.31,1004.22
2025-05-14T10:48:57.903810,27.07,59.31,1004.22
2025-05-14T10:48:58.901447,27.07,59.31,1004.22
2025-05-14T10:49:00.880609,27.22,57.35,1004.15
2025-05-14T10:49:00.896571,27.22,57.35,1004.15
2025-05-14T10:49:01.907960,27.22,57.35,1004.15
2025-05-14T10:49:03.897582,27.37,55.07,1004.18
2025-05-14T10:49:04.913127,27.37,55.07,1004.18
2025-05-14T10:49:06.908158,27.48,53.79,1004.17
2025-05-14T10:49:06.936149,27.48,53.79,1004.17
2025-05-14T10:49:07.938894,27.48,53.79,1004.17
2025-05-14T10:49:09.936943,27.58,53.17,1004.14
2025-05-14T10:49:09.951368,27.58,53.17,1004.14
2025-05-14T10:49:10.961305,27.58,53.17,1004.14
2025-05-14T10:49:12.945925,27.66,53.51,1004.13
2025-05-14T10:49:12.961728,27.66,53.51,1004.13
2025-05-14T10:49:13.978006,27.66,53.51,1004.13
2025-05-14T10:49:15.958467,27.72,53.18,1004.11
2025-05-14T10:49:15.972436,27.72,53.18,1004.11
2025-05-14T10:49:16.986699,27.72,53.18,1004.11
2025-05-14T10:49:18.973248,27.77,52.77,1004.15
2025-05-14T10:49:19.002754,27.77,52.77,1004.15
2025-05-14T10:49:20.016378,27.77,52.77,1004.15
2025-05-14T10:49:21.983010,27.82,52.3,1004.16
2025-05-14T10:49:22.012555,27.82,52.3,1004.16
2025-05-14T10:49:23.027315,27.82,52.3,1004.16
2025-05-14T10:49:24.996864,27.86,51.86,1004.13
2025-05-14T10:49:25.034446,27.86,51.86,1004.13
2025-05-14T10:49:26.041191,27.86,51.86,1004.13
2025-05-14T10:49:27.993513,27.89,51.46,1004.15
2025-05-14T10:49:28.056339,27.89,51.46,1004.15
2025-05-14T10:49:29.072799,27.89,51.46,1004.15
2025-05-14T10:49:31.023894,27.92,51.17,1004.11
2025-05-14T10:49:31.069968,27.92,51.17,1004.11
2025-05-14T10:49:32.085001,27.92,51.17,1004.11
2025-05-14T10:49:34.020379,27.94,50.85,1004.14
2025-05-14T10:49:34.084301,27.94,50.85,1004.14
2025-05-14T10:49:35.098752,27.94,50.85,1004.14
2025-05-14T10:49:37.051459,27.96,50.57,1004.1
2025-05-14T10:49:37.115297,27.96,50.57,1004.1
2025-05-14T10:49:38.130928,27.96,50.57,1004.1
2025-05-14T10:49:40.048250,27.98,51.35,1004.13
2025-05-14T10:49:40.160830,27.98,51.35,1004.13
2025-05-14T10:49:41.173122,27.98,51.35,1004.13
2025-05-14T10:49:43.059085,27.99,50.76,1004.13
2025-05-14T10:49:43.167289,27.99,50.76,1004.13
2025-05-14T10:49:44.177701,27.99,50.76,1004.13
2025-05-14T10:49:46.050980,28.0,50.4,1004.12
2025-05-14T10:49:46.177512,28.0,50.4,1004.12
2025-05-14T10:49:47.186395,28.0,50.4,1004.12
2025-05-14T10:49:49.070170,28.01,50.11,1004.09
2025-05-14T10:49:49.179417,28.01,50.11,1004.09
2025-05-14T10:49:50.191983,28.01,50.11,1004.09
2025-05-14T10:49:52.076501,28.02,49.81,1004.12
2025-05-14T10:49:52.221787,28.02,49.81,1004.12
2025-05-14T10:49:53.234942,28.02,49.81,1004.12
2025-05-14T10:49:55.075531,28.02,49.31,1004.12
2025-05-14T10:49:55.233313,28.02,49.31,1004.12
2025-05-14T10:49:56.231665,28.02,49.31,1004.12
2025-05-14T10:49:58.067257,28.01,48.78,1004.14
2025-05-14T10:49:58.226446,28.01,48.78,1004.14
2025-05-14T10:49:59.241251,28.01,48.78,1004.14
2025-05-14T10:50:01.091163,28.01,48.91,1004.09
2025-05-14T10:50:01.267814,28.01,48.91,1004.09
2025-05-14T10:50:02.266752,28.01,48.91,1004.09
2025-05-14T10:50:04.072242,28.0,49.23,1004.09
2025-05-14T10:50:04.264248,28.0,49.23,1004.09
2025-05-14T10:50:05.263459,28.0,49.23,1004.09
2025-05-14T10:50:07.083383,27.99,49.22,1004.12
2025-05-14T10:50:07.259396,27.99,49.22,1004.12
2025-05-14T10:50:08.273130,27.99,49.22,1004.12
2025-05-14T10:50:10.095809,27.97,49.18,1004.11
2025-05-14T10:50:10.301712,27.97,49.18,1004.11
2025-05-14T10:50:11.318332,27.97,49.18,1004.11
2025-05-14T10:50:13.103917,27.95,49.01,1004.11
2025-05-14T10:50:13.329716,27.95,49.01,1004.11
2025-05-14T10:50:14.329625,27.95,49.01,1004.11
2025-05-14T10:50:16.101444,27.94,49.15,1004.1
2025-05-14T10:50:16.325814,27.94,49.15,1004.1
2025-05-14T10:50:17.324852,27.94,49.15,1004.1
2025-05-14T10:50:19.111213,27.92,49.17,1004.1
2025-05-14T10:50:19.349781,27.92,49.17,1004.1
2025-05-14T10:50:20.365536,27.92,49.17,1004.1
2025-05-14T10:50:22.114958,27.91,49.05,1004.07
2025-05-14T10:50:22.369561,27.91,49.05,1004.07
2025-05-14T10:50:23.370226,27.91,49.05,1004.07
2025-05-14T10:50:25.112852,27.9,49.12,1004.1
2025-05-14T10:50:25.370017,27.9,49.12,1004.1
2025-05-14T10:50:26.367804,27.9,49.12,1004.1
2025-05-14T10:50:28.125526,27.88,49.08,1004.07
2025-05-14T10:50:28.366245,27.88,49.08,1004.07
2025-05-14T10:50:29.364853,27.88,49.08,1004.07
2025-05-14T10:50:31.120700,27.87,49.11,1004.07
2025-05-14T10:50:31.377554,27.87,49.11,1004.07
2025-05-14T10:50:32.388884,27.87,49.11,1004.07
2025-05-14T10:50:34.131083,27.85,49.1,1004.08
2025-05-14T10:50:34.388764,27.85,49.1,1004.08
2025-05-14T10:50:35.385194,27.85,49.1,1004.08
2025-05-14T10:50:37.139290,27.83,49.09,1004.08
2025-05-14T10:50:37.412969,27.83,49.09,1004.08
2025-05-14T10:50:38.427538,27.83,49.09,1004.08
2025-05-14T10:50:40.130619,27.82,49.12,1004.08
2025-05-14T10:50:40.435807,27.82,49.12,1004.08
2025-05-14T10:50:41.447605,27.82,49.12,1004.08
2025-05-14T10:50:43.142161,27.8,49.05,1004.09
2025-05-14T10:50:43.477566,27.8,49.05,1004.09
2025-05-14T10:50:44.493557,27.8,49.05,1004.09
2025-05-14T10:50:46.123901,27.78,48.98,1004.08
2025-05-14T10:50:46.524769,27.78,48.98,1004.08
2025-05-14T10:50:47.543071,27.78,48.98,1004.08
2025-05-14T10:50:49.125950,27.76,48.98,1004.08
2025-05-14T10:50:49.575808,27.76,48.98,1004.08
2025-05-14T10:50:50.593366,27.76,48.98,1004.08
2025-05-14T10:50:52.123118,27.74,48.8,1004.09
2025-05-14T10:50:52.623835,27.74,48.8,1004.09
2025-05-14T10:50:53.635700,27.74,48.8,1004.09
2025-05-14T10:50:55.136692,27.72,48.32,1004.1
2025-05-14T10:50:55.666876,27.72,48.32,1004.1
2025-05-14T10:50:56.682297,27.72,48.32,1004.1
2025-05-14T10:50:58.136652,27.69,48.19,1004.09
2025-05-14T10:50:58.713737,27.69,48.19,1004.09
2025-05-14T10:50:59.713312,27.69,48.19,1004.09
2025-05-14T10:51:01.159330,27.66,48.17,1004.11
2025-05-14T10:51:01.719888,27.66,48.17,1004.11
2025-05-14T10:51:02.731445,27.66,48.17,1004.11
2025-05-14T10:51:04.151374,27.62,48.41,1004.11
2025-05-14T10:51:04.762271,27.62,48.41,1004.11
2025-05-14T10:51:05.774967,27.62,48.41,1004.11
2025-05-14T10:51:07.170340,27.59,48.2,1004.12
2025-05-14T10:51:07.811522,27.59,48.2,1004.12
2025-05-14T10:51:08.813473,27.59,48.2,1004.12
2025-05-14T10:51:10.182436,27.56,48.15,1004.09
2025-05-14T10:51:10.841029,27.56,48.15,1004.09
2025-05-14T10:51:11.850743,27.56,48.15,1004.09
2025-05-14T10:51:13.209685,27.52,48.38,1004.08
2025-05-14T10:51:13.852701,27.52,48.38,1004.08
2025-05-14T10:51:14.849643,27.52,48.38,1004.08
2025-05-14T10:51:16.189399,27.5,48.46,1004.12
2025-05-14T10:51:16.861426,27.5,48.46,1004.12
2025-05-14T10:51:17.875495,27.5,48.46,1004.12
2025-05-14T10:51:19.194619,27.46,48.48,1004.1
2025-05-14T10:51:19.885946,27.46,48.48,1004.1
2025-05-14T10:51:20.884654,27.46,48.48,1004.1
2025-05-14T10:51:22.205116,27.43,48.67,1004.09
2025-05-14T10:51:22.898188,27.43,48.67,1004.09
2025-05-14T10:51:23.913803,27.43,48.67,1004.09
2025-05-14T10:51:25.190267,27.39,49.3,1004.1
2025-05-14T10:51:25.913382,27.39,49.3,1004.1
2025-05-14T10:51:26.928318,27.39,49.3,1004.1
2025-05-14T10:51:28.189563,27.36,49.48,1004.08
2025-05-14T10:51:28.960255,27.36,49.48,1004.08
2025-05-14T10:51:29.959891,27.36,49.48,1004.08
2025-05-14T10:51:31.201594,27.33,49.09,1004.09
2025-05-14T10:51:31.989474,27.33,49.09,1004.09
2025-05-14T10:51:33.003280,27.33,49.09,1004.09
2025-05-14T10:51:34.194301,27.29,49.06,1004.07
2025-05-14T10:51:35.032825,27.29,49.06,1004.07
2025-05-14T10:51:36.043322,27.29,49.06,1004.07
2025-05-14T10:51:37.202462,27.26,49.04,1004.06
2025-05-14T10:51:38.055829,27.26,49.04,1004.06
2025-05-14T10:51:39.068135,27.26,49.04,1004.06
2025-05-14T10:51:40.182318,27.23,49.11,1004.08
2025-05-14T10:51:41.082074,27.23,49.11,1004.08
2025-05-14T10:51:42.098519,27.23,49.11,1004.08
2025-05-14T10:51:43.195438,27.2,49.17,1004.06
2025-05-14T10:51:44.126422,27.2,49.17,1004.06
2025-05-14T10:51:45.127359,27.2,49.17,1004.06
2025-05-14T10:51:46.191005,27.17,49.19,1004.07
2025-05-14T10:51:47.136556,27.17,49.19,1004.07
2025-05-14T10:51:48.153554,27.17,49.19,1004.07
2025-05-14T10:51:49.217984,27.15,49.32,1004.12
2025-05-14T10:51:50.168960,27.15,49.32,1004.12
2025-05-14T10:51:52.200204,27.11,49.01,1004.11
2025-05-14T10:51:53.198328,27.11,49.01,1004.11
2025-05-14T10:51:55.229971,27.08,48.95,1004.14
2025-05-14T10:51:56.227733,27.08,48.95,1004.14
2025-05-14T10:51:58.228567,27.05,49.12,1004.13
2025-05-14T10:51:58.267851,27.05,49.12,1004.13
2025-05-14T10:51:59.255052,27.05,49.12,1004.13
2025-05-14T10:52:01.253851,27.03,49.29,1004.16
2025-05-14T10:52:01.280046,27.03,49.29,1004.16
2025-05-14T10:52:02.267321,27.03,49.29,1004.16
2025-05-14T10:52:04.253105,27.0,49.39,1004.14
2025-05-14T10:52:04.283132,27.0,49.39,1004.14
2025-05-14T10:52:05.265432,27.0,49.39,1004.14
2025-05-14T10:52:07.266909,26.97,49.46,1004.13
2025-05-14T10:52:07.297203,26.97,49.46,1004.13
2025-05-14T10:52:08.296746,26.97,49.46,1004.13
2025-05-14T10:52:10.288559,26.94,49.55,1004.13
2025-05-14T10:52:10.304334,26.94,49.55,1004.13
2025-05-14T10:52:11.309832,26.94,49.55,1004.13
2025-05-14T10:52:13.306278,26.9,49.64,1004.12
2025-05-14T10:52:13.327247,26.9,49.64,1004.12
2025-05-14T10:52:14.324381,26.9,49.64,1004.12
2025-05-14T10:52:16.310635,26.88,49.74,1004.14
2025-05-14T10:52:16.342621,26.88,49.74,1004.14
2025-05-14T10:52:17.326374,26.88,49.74,1004.14
2025-05-14T10:52:19.322926,26.86,49.83,1004.13
2025-05-14T10:52:20.333462,26.86,49.83,1004.13
2025-05-14T10:52:22.327555,26.84,49.89,1004.15
2025-05-14T10:52:22.367392,26.84,49.89,1004.15
2025-05-14T10:52:23.352858,26.84,49.89,1004.15
2025-05-14T10:52:25.353849,26.82,49.96,1004.14
2025-05-14T10:52:25.373418,26.82,49.96,1004.14
2025-05-14T10:52:26.379446,26.82,49.96,1004.14
2025-05-14T10:52:28.364007,26.79,50.01,1004.12
2025-05-14T10:52:28.395783,26.79,50.01,1004.12
2025-05-14T10:52:29.408067,26.79,50.01,1004.12
2025-05-14T10:52:31.359524,26.77,50.08,1004.14
2025-05-14T10:52:31.407247,26.77,50.08,1004.14
2025-05-14T10:52:32.405077,26.77,50.08,1004.14
2025-05-14T10:52:34.355167,26.75,50.18,1004.12
2025-05-14T10:52:34.403040,26.75,50.18,1004.12
2025-05-14T10:52:35.402461,26.75,50.18,1004.12
2025-05-14T10:52:37.354293,26.72,50.21,1004.11
2025-05-14T10:52:37.399827,26.72,50.21,1004.11
2025-05-14T10:52:38.413203,26.72,50.21,1004.11
2025-05-14T10:52:40.356637,26.71,50.23,1004.14
2025-05-14T10:52:40.434750,26.71,50.23,1004.14
2025-05-14T10:52:41.430698,26.71,50.23,1004.14
2025-05-14T10:52:43.340136,26.69,50.27,1004.14
2025-05-14T10:52:43.436115,26.69,50.27,1004.14
2025-05-14T10:52:44.432413,26.69,50.27,1004.14
2025-05-14T10:52:46.353609,26.67,50.34,1004.13
2025-05-14T10:52:46.431056,26.67,50.34,1004.13
2025-05-14T10:52:47.441294,26.67,50.34,1004.13
2025-05-14T10:52:49.349295,26.65,50.43,1004.13
2025-05-14T10:52:49.444719,26.65,50.43,1004.13
2025-05-14T10:52:50.446187,26.65,50.43,1004.13
2025-05-14T10:52:52.366994,26.64,50.31,1004.15
2025-05-14T10:52:52.445897,26.64,50.31,1004.15
2025-05-14T10:52:53.448132,26.64,50.31,1004.15
2025-05-14T10:52:55.385504,26.62,50.07,1004.13
2025-05-14T10:52:55.446854,26.62,50.07,1004.13
2025-05-14T10:52:56.447790,26.62,50.07,1004.13
2025-05-14T10:52:58.371967,26.6,50.04,1004.09
2025-05-14T10:52:58.451963,26.6,50.04,1004.09
2025-05-14T10:52:59.452251,26.6,50.04,1004.09
2025-05-14T10:53:01.387462,26.58,50.06,1004.11
2025-05-14T10:53:01.450277,26.58,50.06,1004.11
2025-05-14T10:53:02.449381,26.58,50.06,1004.11
2025-05-14T10:53:04.369041,26.56,50.19,1004.09
2025-05-14T10:53:04.448568,26.56,50.19,1004.09
2025-05-14T10:53:05.450544,26.56,50.19,1004.09
2025-05-14T10:53:07.371632,26.53,50.26,1004.11
2025-05-14T10:53:07.449894,26.53,50.26,1004.11
2025-05-14T10:53:08.455344,26.53,50.26,1004.11
2025-05-14T10:53:10.400373,26.52,50.44,1004.13
2025-05-14T10:53:10.447729,26.52,50.44,1004.13
2025-05-14T10:53:11.460475,26.52,50.44,1004.13
2025-05-14T10:53:13.409333,26.49,50.51,1004.07
2025-05-14T10:53:13.486658,26.49,50.51,1004.07
2025-05-14T10:53:14.483533,26.49,50.51,1004.07
2025-05-14T10:53:16.397905,26.48,50.55,1004.1
2025-05-14T10:53:16.478148,26.48,50.55,1004.1
2025-05-14T10:53:17.491218,26.48,50.55,1004.1
2025-05-14T10:53:19.408554,26.46,50.64,1004.1
2025-05-14T10:53:19.502789,26.46,50.64,1004.1
2025-05-14T10:53:20.517778,26.46,50.64,1004.1
2025-05-14T10:53:22.414506,26.43,50.75,1004.1
2025-05-14T10:53:22.510285,26.43,50.75,1004.1
2025-05-14T10:53:23.505959,26.43,50.75,1004.1
2025-05-14T10:53:25.424414,26.42,50.8,1004.12
2025-05-14T10:53:25.518942,26.42,50.8,1004.12
2025-05-14T10:53:26.520203,26.42,50.8,1004.12
2025-05-14T10:53:28.422837,26.4,50.84,1004.12
2025-05-14T10:53:28.535138,26.4,50.84,1004.12
2025-05-14T10:53:29.547167,26.4,50.84,1004.12
2025-05-14T10:53:31.447811,26.38,50.87,1004.11
2025-05-14T10:53:31.543470,26.38,50.87,1004.11
2025-05-14T10:53:32.557621,26.38,50.87,1004.11
2025-05-14T10:53:34.444280,26.36,50.9,1004.08
2025-05-14T10:53:34.554455,26.36,50.9,1004.08
2025-05-14T10:53:35.567387,26.36,50.9,1004.08
2025-05-14T10:53:37.468387,26.35,50.93,1004.1
2025-05-14T10:53:37.595695,26.35,50.93,1004.1
2025-05-14T10:53:38.609808,26.35,50.93,1004.1
2025-05-14T10:53:40.478538,26.33,50.96,1004.09
2025-05-14T10:53:40.605357,26.33,50.96,1004.09
2025-05-14T10:53:41.619775,26.33,50.96,1004.09
2025-05-14T10:53:43.477409,26.31,51.32,1004.1
2025-05-14T10:53:43.618385,26.31,51.32,1004.1
2025-05-14T10:53:44.632486,26.31,51.32,1004.1
2025-05-14T10:53:46.498768,26.3,51.21,1004.1
2025-05-14T10:53:46.659511,26.3,51.21,1004.1
2025-05-14T10:53:47.675296,26.3,51.21,1004.1
2025-05-14T10:53:49.484804,26.29,51.17,1004.12
2025-05-14T10:53:49.707834,26.29,51.17,1004.12
2025-05-14T10:53:50.722167,26.29,51.17,1004.12
2025-05-14T10:53:52.495774,26.28,51.34,1004.1
2025-05-14T10:53:52.749979,26.28,51.34,1004.1
2025-05-14T10:53:53.761695,26.28,51.34,1004.1
2025-05-14T10:53:55.497162,26.26,51.32,1004.1
2025-05-14T10:53:55.786530,26.26,51.32,1004.1
2025-05-14T10:53:56.799086,26.26,51.32,1004.1
2025-05-14T10:53:58.501336,26.25,51.82,1004.12
2025-05-14T10:53:58.783867,26.25,51.82,1004.12
2025-05-14T10:53:59.804557,26.25,51.82,1004.12
2025-05-14T10:54:01.510566,26.24,51.21,1004.13
2025-05-14T10:54:01.831668,26.24,51.21,1004.13
2025-05-14T10:54:02.853775,26.24,51.21,1004.13
2025-05-14T10:54:04.496358,26.22,51.24,1004.12
2025-05-14T10:54:04.851034,26.22,51.24,1004.12
2025-05-14T10:54:05.853506,26.22,51.24,1004.12
2025-05-14T10:54:07.519281,26.21,51.54,1004.1
2025-05-14T10:54:07.866438,26.21,51.54,1004.1
2025-05-14T10:54:08.862107,26.21,51.54,1004.1
2025-05-14T10:54:10.510063,26.19,51.98,1004.11
2025-05-14T10:54:10.895910,26.19,51.98,1004.11
2025-05-14T10:54:11.909713,26.19,51.98,1004.11
2025-05-14T10:54:13.506785,26.18,51.42,1004.09
2025-05-14T10:54:13.939069,26.18,51.42,1004.09
2025-05-14T10:54:14.952357,26.18,51.42,1004.09
2025-05-14T10:54:16.546658,26.16,51.19,1004.1
2025-05-14T10:54:16.964832,26.16,51.19,1004.1
2025-05-14T10:54:17.980247,26.16,51.19,1004.1
2025-05-14T10:54:19.540021,26.14,51.19,1004.12
2025-05-14T10:54:20.006117,26.14,51.19,1004.12
2025-05-14T10:54:21.015770,26.14,51.19,1004.12
2025-05-14T10:54:22.538951,26.12,51.64,1004.11
2025-05-14T10:54:23.021104,26.12,51.64,1004.11
2025-05-14T10:54:24.018624,26.12,51.64,1004.11
2025-05-14T10:54:25.552079,26.12,56.42,1004.1
2025-05-14T10:54:26.030623,26.12,56.42,1004.1
2025-05-14T10:54:27.043247,26.12,56.42,1004.1
2025-05-14T10:54:28.542125,26.17,64.35,981.13
2025-05-14T10:54:29.071884,26.17,64.35,981.13
2025-05-14T10:54:30.088243,26.17,64.35,981.13
2025-05-14T10:54:31.572827,26.25,65.86,1004.12
2025-05-14T10:54:32.117611,26.25,65.86,1004.12
2025-05-14T10:54:33.131582,26.25,65.86,1004.12
2025-05-14T10:54:34.583056,26.4,68.47,997.35
2025-05-14T10:54:35.160566,26.4,68.47,997.35
2025-05-14T10:54:36.172765,26.4,68.47,997.35
2025-05-14T10:54:37.609011,26.53,70.1,993.92
2025-05-14T10:54:38.187875,26.53,70.1,993.92
2025-05-14T10:54:39.199855,26.53,70.1,993.92
2025-05-14T10:54:40.601047,26.69,71.22,1005.49
2025-05-14T10:54:41.213590,26.69,71.22,1005.49
2025-05-14T10:54:42.228778,26.69,71.22,1005.49
2025-05-14T10:54:43.616373,26.89,73.84,982.45
2025-05-14T10:54:44.227217,26.89,73.84,982.45
2025-05-14T10:54:45.226778,26.89,73.84,982.45
2025-05-14T10:54:46.612793,27.09,77.3,986.11
2025-05-14T10:54:47.224729,27.09,77.3,986.11
2025-05-14T10:54:48.240028,27.09,77.3,986.11
2025-05-14T10:54:49.622893,27.28,76.54,1004.12
2025-05-14T10:54:50.282373,27.28,76.54,1004.12
2025-05-14T10:54:51.296884,27.28,76.54,1004.12
2025-05-14T10:54:52.622819,27.49,76.81,1004.14
2025-05-14T10:54:53.294334,27.49,76.81,1004.14
2025-05-14T10:54:54.307094,27.49,76.81,1004.14
2025-05-14T10:54:55.630916,27.65,67.13,1004.12
2025-05-14T10:54:56.337277,27.65,67.13,1004.12
2025-05-14T10:54:57.353711,27.65,67.13,1004.12
2025-05-14T10:54:58.628718,27.8,60.11,1004.14
2025-05-14T10:54:59.383618,27.8,60.11,1004.14
2025-05-14T10:55:00.398920,27.8,60.11,1004.14
2025-05-14T10:55:01.620841,27.94,56.43,1004.11
2025-05-14T10:55:02.409445,27.94,56.43,1004.11
2025-05-14T10:55:03.426862,27.94,56.43,1004.11
2025-05-14T10:55:04.618217,28.06,54.25,1004.12
2025-05-14T10:55:05.471096,28.06,54.25,1004.12
2025-05-14T10:55:06.471807,28.06,54.25,1004.12
2025-05-14T10:55:07.602772,28.17,53.67,1004.09
2025-05-14T10:55:08.480439,28.17,53.67,1004.09
2025-05-14T10:55:09.478915,28.17,53.67,1004.09
2025-05-14T10:55:10.610381,28.26,52.43,1004.12
2025-05-14T10:55:11.510557,28.26,52.43,1004.12
2025-05-14T10:55:12.510878,28.26,52.43,1004.12
2025-05-14T10:55:13.625126,28.34,51.38,1004.08
2025-05-14T10:55:14.540953,28.34,51.38,1004.08
2025-05-14T10:55:15.559528,28.34,51.38,1004.08
2025-05-14T10:55:16.621295,28.41,51.58,1004.09
2025-05-14T10:55:17.588493,28.41,51.58,1004.09
2025-05-14T10:55:19.630038,28.46,50.63,1004.1
2025-05-14T10:55:20.621654,28.46,50.63,1004.1
2025-05-14T10:55:22.652679,28.51,50.02,1004.09
2025-05-14T10:55:23.650832,28.51,50.02,1004.09
2025-05-14T10:55:25.669293,28.55,49.81,1004.11
2025-05-14T10:55:26.679936,28.55,49.81,1004.11
2025-05-14T10:55:28.678598,28.58,49.52,1004.13
2025-05-14T10:55:28.692371,28.58,49.52,1004.13
2025-05-14T10:55:29.712267,28.58,49.52,1004.13
2025-05-14T10:55:31.679951,28.61,49.55,1004.11
2025-05-14T10:55:31.710498,28.61,49.55,1004.11
2025-05-14T10:55:32.722154,28.61,49.55,1004.11
2025-05-14T10:55:34.704128,28.63,49.21,1004.1
2025-05-14T10:55:34.764758,28.63,49.21,1004.1
2025-05-14T10:55:35.779371,28.63,49.21,1004.1
2025-05-14T10:55:37.715905,28.64,49.21,1004.1
2025-05-14T10:55:37.778015,28.64,49.21,1004.1
2025-05-14T10:55:38.794761,28.64,49.21,1004.1
2025-05-14T10:55:40.711958,28.65,48.96,1004.1
2025-05-14T10:55:40.791431,28.65,48.96,1004.1
2025-05-14T10:55:41.805963,28.65,48.96,1004.1
2025-05-14T10:55:43.742300,28.66,48.93,1004.09
2025-05-14T10:55:43.804717,28.66,48.93,1004.09
2025-05-14T10:55:44.821505,28.66,48.93,1004.09
2025-05-14T10:55:46.740380,28.66,48.82,1004.12
2025-05-14T10:55:46.819256,28.66,48.82,1004.12
2025-05-14T10:55:47.818414,28.66,48.82,1004.12
2025-05-14T10:55:49.769198,28.66,48.71,1004.12
2025-05-14T10:55:49.814958,28.66,48.71,1004.12
2025-05-14T10:55:50.837113,28.66,48.71,1004.12
2025-05-14T10:55:52.784783,28.66,48.53,1004.11
2025-05-14T10:55:52.849753,28.66,48.53,1004.11
2025-05-14T10:55:53.863695,28.66,48.53,1004.11
2025-05-14T10:55:55.782589,28.66,48.38,1004.1
2025-05-14T10:55:55.893312,28.66,48.38,1004.1
2025-05-14T10:55:56.909176,28.66,48.38,1004.1
2025-05-14T10:55:58.772704,28.65,48.12,1004.11
2025-05-14T10:55:58.902353,28.65,48.12,1004.11
2025-05-14T10:55:59.919673,28.65,48.12,1004.11
2025-05-14T10:56:01.790701,28.63,47.48,1004.12
2025-05-14T10:56:01.917242,28.63,47.48,1004.12
2025-05-14T10:56:02.934584,28.63,47.48,1004.12
2025-05-14T10:56:04.797763,28.64,53.53,1003.65
2025-05-14T10:56:04.937908,28.64,53.53,1003.65
2025-05-14T10:56:05.947332,28.64,53.53,1003.65
2025-05-14T10:56:07.817540,28.66,54.76,1004.12
2025-05-14T10:56:07.974136,28.66,54.76,1004.12
2025-05-14T10:56:08.990986,28.66,54.76,1004.12
2025-05-14T10:56:10.811188,28.69,50.83,999.47
2025-05-14T10:56:11.018998,28.69,50.83,999.47
2025-05-14T10:56:12.033975,28.69,50.83,999.47
2025-05-14T10:56:13.794381,28.75,56.09,1003.49
2025-05-14T10:56:14.066387,28.75,56.09,1003.49
2025-05-14T10:56:15.084659,28.75,56.09,1003.49
2025-05-14T10:56:16.793544,28.83,57.82,1002.95
2025-05-14T10:56:17.115465,28.83,57.82,1002.95
2025-05-14T10:56:18.130528,28.83,57.82,1002.95
2025-05-14T10:56:19.802191,28.92,53.15,1004.14
2025-05-14T10:56:20.153920,28.92,53.15,1004.14
2025-05-14T10:56:21.168632,28.92,53.15,1004.14
2025-05-14T10:56:22.809808,29.14,71.7,1004.3
2025-05-14T10:56:23.196474,29.14,71.7,1004.3
2025-05-14T10:56:24.206511,29.14,71.7,1004.3
2025-05-14T10:56:25.817430,29.4,57.73,999.86
2025-05-14T10:56:26.219235,29.4,57.73,999.86
2025-05-14T10:56:27.234532,29.4,57.73,999.86
2025-05-14T10:56:28.830778,29.73,51.71,999.24
2025-05-14T10:56:29.247222,29.73,51.71,999.24
2025-05-14T10:56:30.264577,29.73,51.71,999.24
2025-05-14T10:56:31.845360,30.03,51.01,1004.16
2025-05-14T10:56:32.280101,30.03,51.01,1004.16
2025-05-14T10:56:33.297779,30.03,51.01,1004.16
2025-05-14T10:56:34.874193,31.43,82.54,1008.33
2025-05-14T10:56:35.325673,31.43,82.54,1008.33
2025-05-14T10:56:36.337414,31.43,82.54,1008.33
2025-05-14T10:56:37.885753,31.4,86.71,1004.21
2025-05-14T10:56:38.367478,31.4,86.71,1004.21
2025-05-14T10:56:39.384225,31.4,86.71,1004.21
2025-05-14T10:56:40.905030,30.23,84.33,1001.22
2025-05-14T10:56:41.414851,30.23,84.33,1001.22
2025-05-14T10:56:42.429598,30.23,84.33,1001.22
2025-05-14T10:56:43.915733,30.41,66.62,1004.16
2025-05-14T10:56:44.457424,30.41,66.62,1004.16
2025-05-14T10:56:45.471192,30.41,66.62,1004.16
2025-05-14T10:56:46.905724,30.46,61.59,1003.14
2025-05-14T10:56:47.500750,30.46,61.59,1003.14
2025-05-14T10:56:48.514968,30.46,61.59,1003.14
2025-05-14T10:56:49.919656,30.54,65.54,1004.24
2025-05-14T10:56:50.528206,30.54,65.54,1004.24
2025-05-14T10:56:51.536705,30.54,65.54,1004.24
2025-05-14T10:56:52.920633,30.62,56.15,1004.17
2025-05-14T10:56:53.548572,30.62,56.15,1004.17
2025-05-14T10:56:54.546413,30.62,56.15,1004.17
2025-05-14T10:56:55.917534,30.68,63.96,1004.16
2025-05-14T10:56:56.561721,30.68,63.96,1004.16
2025-05-14T10:56:57.560458,30.68,63.96,1004.16
2025-05-14T10:56:58.947125,30.73,62.48,1004.17
2025-05-14T10:56:59.591556,30.73,62.48,1004.17
2025-05-14T10:57:00.599835,30.73,62.48,1004.17
2025-05-14T10:57:01.944461,30.77,52.24,1004.17
2025-05-14T10:57:02.603949,30.77,52.24,1004.17
2025-05-14T10:57:03.607844,30.77,52.24,1004.17
2025-05-14T10:57:04.937626,30.82,48.28,1004.15
2025-05-14T10:57:05.622484,30.82,48.28,1004.15
2025-05-14T10:57:06.615179,30.82,48.28,1004.15
2025-05-14T10:57:07.931005,30.85,47.46,1004.14
2025-05-14T10:57:08.619299,30.85,47.46,1004.14
2025-05-14T10:57:09.630434,30.85,47.46,1004.14
2025-05-14T10:57:10.951187,30.87,46.08,1004.11
2025-05-14T10:57:11.654489,30.87,46.08,1004.11
2025-05-14T10:57:12.648656,30.87,46.08,1004.11
2025-05-14T10:57:13.951293,30.88,44.78,1004.14
2025-05-14T10:57:14.674593,30.88,44.78,1004.14
2025-05-14T10:57:15.685480,30.88,44.78,1004.14
2025-05-14T10:57:16.943788,30.88,44.52,1004.13
2025-05-14T10:57:17.715127,30.88,44.52,1004.13
2025-05-14T10:57:18.728241,30.88,44.52,1004.13
2025-05-14T10:57:19.961320,30.87,43.98,1004.15
2025-05-14T10:57:20.726805,30.87,43.98,1004.15
2025-05-14T10:57:21.733613,30.87,43.98,1004.15
2025-05-14T10:57:22.962868,30.86,43.92,1004.13
2025-05-14T10:57:23.743076,30.86,43.92,1004.13
2025-05-14T10:57:24.748895,30.86,43.92,1004.13
2025-05-14T10:57:25.965912,30.85,44.02,1004.16
2025-05-14T10:57:26.753552,30.85,44.02,1004.16
2025-05-14T10:57:27.770691,30.85,44.02,1004.16
2025-05-14T10:57:28.975771,30.82,44.2,1004.13
2025-05-14T10:57:29.805326,30.82,44.2,1004.13
2025-05-14T10:57:30.806305,30.82,44.2,1004.13
2025-05-14T10:57:31.987198,30.8,43.98,1004.13
2025-05-14T10:57:32.826721,30.8,43.98,1004.13
2025-05-14T10:57:33.840631,30.8,43.98,1004.13
2025-05-14T10:57:34.970502,30.77,44.03,1004.11
2025-05-14T10:57:35.854179,30.77,44.03,1004.11
2025-05-14T10:57:36.857336,30.77,44.03,1004.11
2025-05-14T10:57:37.973862,30.74,44.48,1004.15
2025-05-14T10:57:38.870770,30.74,44.48,1004.15
2025-05-14T10:57:39.871700,30.74,44.48,1004.15
2025-05-14T10:57:40.987439,30.71,44.18,1004.15
2025-05-14T10:57:41.877077,30.71,44.18,1004.15
2025-05-14T10:57:42.880456,30.71,44.18,1004.15
2025-05-14T10:57:44.005429,30.67,44.52,1004.12
2025-05-14T10:57:44.890480,30.67,44.52,1004.12
2025-05-14T10:57:45.897555,30.67,44.52,1004.12
2025-05-14T10:57:47.012473,30.64,44.4,1004.11
2025-05-14T10:57:47.919920,30.64,44.4,1004.11
2025-05-14T10:57:48.924645,30.64,44.4,1004.11
2025-05-14T10:57:50.023983,30.61,44.58,1004.12
2025-05-14T10:57:50.923759,30.61,44.58,1004.12
2025-05-14T10:57:51.923241,30.61,44.58,1004.12
2025-05-14T10:57:53.007021,30.58,44.73,1004.13
2025-05-14T10:57:53.923820,30.58,44.73,1004.13
2025-05-14T10:57:54.923102,30.58,44.73,1004.13
2025-05-14T10:57:55.990545,30.54,44.75,1004.11
2025-05-14T10:57:56.940434,30.54,44.75,1004.11
2025-05-14T10:57:57.952380,30.54,44.75,1004.11
2025-05-14T10:57:59.040374,30.51,44.62,1004.1
2025-05-14T10:57:59.958107,30.51,44.62,1004.1
2025-05-14T10:58:00.976350,30.51,44.62,1004.1
2025-05-14T10:58:02.076115,30.48,44.62,1004.09
2025-05-14T10:58:02.974646,30.48,44.62,1004.09
2025-05-14T10:58:03.973330,30.48,44.62,1004.09
2025-05-14T10:58:05.058582,30.44,44.47,1004.11
2025-05-14T10:58:05.973153,30.44,44.47,1004.11
2025-05-14T10:58:06.971859,30.44,44.47,1004.11
2025-05-14T10:58:08.063262,30.4,43.65,1004.12
2025-05-14T10:58:08.974650,30.4,43.65,1004.12
2025-05-14T10:58:09.971787,30.4,43.65,1004.12
2025-05-14T10:58:11.006199,30.37,43.93,1004.15
2025-05-14T10:58:11.988560,30.37,43.93,1004.15
2025-05-14T10:58:14.028676,30.32,43.54,1004.11
2025-05-14T10:58:15.002532,30.32,43.54,1004.11
2025-05-14T10:58:17.013823,30.28,43.24,1004.12
2025-05-14T10:58:17.029681,30.28,43.24,1004.12
2025-05-14T10:58:18.037012,30.28,43.24,1004.12
2025-05-14T10:58:20.021134,30.24,43.44,1004.09
2025-05-14T10:58:20.052819,30.24,43.44,1004.09
2025-05-14T10:58:21.047572,30.24,43.44,1004.09
2025-05-14T10:58:23.027172,30.18,43.31,1004.07
2025-05-14T10:58:23.045258,30.18,43.31,1004.07
2025-05-14T10:58:24.051102,30.18,43.31,1004.07
2025-05-14T10:58:26.026595,30.13,43.19,1004.11
2025-05-14T10:58:26.056238,30.13,43.19,1004.11
2025-05-14T10:58:27.053121,30.13,43.19,1004.11
2025-05-14T10:58:29.029256,30.07,43.51,1004.1
2025-05-14T10:58:29.080870,30.07,43.51,1004.1
2025-05-14T10:58:30.077450,30.07,43.51,1004.1
2025-05-14T10:58:32.043085,30.02,43.78,1004.1
2025-05-14T10:58:32.072716,30.02,43.78,1004.1
2025-05-14T10:58:33.070179,30.02,43.78,1004.1
2025-05-14T10:58:35.045995,29.96,43.51,1004.09
2025-05-14T10:58:35.091345,29.96,43.51,1004.09
2025-05-14T10:58:36.065931,29.96,43.51,1004.09
2025-05-14T10:58:38.026190,29.91,43.54,1004.08
2025-05-14T10:58:38.079767,29.91,43.54,1004.08
2025-05-14T10:58:39.070812,29.91,43.54,1004.08
2025-05-14T10:58:41.038041,29.85,44.21,1004.06
2025-05-14T10:58:41.117335,29.85,44.21,1004.06
2025-05-14T10:58:42.088623,29.85,44.21,1004.06
2025-05-14T10:58:44.046754,29.79,44.7,1004.04
2025-05-14T10:58:44.126272,29.79,44.7,1004.04
2025-05-14T10:58:45.121664,29.79,44.7,1004.04
2025-05-14T10:58:47.066204,29.74,44.73,1004.07
2025-05-14T10:58:47.129964,29.74,44.73,1004.07
2025-05-14T10:58:48.140344,29.74,44.73,1004.07
2025-05-14T10:58:50.085563,29.69,45.14,1004.08
2025-05-14T10:58:50.141413,29.69,45.14,1004.08
2025-05-14T10:58:51.139828,29.69,45.14,1004.08
2025-05-14T10:58:53.077462,29.64,45.21,1004.08
2025-05-14T10:58:53.142654,29.64,45.21,1004.08
2025-05-14T10:58:54.128806,29.64,45.21,1004.08
2025-05-14T10:58:56.081860,29.6,45.38,1004.07
2025-05-14T10:58:56.139591,29.6,45.38,1004.07
2025-05-14T10:58:57.140663,29.6,45.38,1004.07
2025-05-14T10:58:59.099767,29.54,45.37,1004.09
2025-05-14T10:58:59.151232,29.54,45.37,1004.09
2025-05-14T10:59:00.139281,29.54,45.37,1004.09
2025-05-14T10:59:02.107805,29.49,44.7,1004.1
2025-05-14T10:59:02.180670,29.49,44.7,1004.1
2025-05-14T10:59:03.145669,29.49,44.7,1004.1
2025-05-14T10:59:05.106914,29.45,44.5,1004.12
2025-05-14T10:59:05.175322,29.45,44.5,1004.12
2025-05-14T10:59:06.181505,29.45,44.5,1004.12
2025-05-14T10:59:08.109414,29.39,44.53,1004.08
2025-05-14T10:59:08.186039,29.39,44.53,1004.08
2025-05-14T10:59:09.194464,29.39,44.53,1004.08
2025-05-14T10:59:11.125171,29.34,44.4,1004.11
2025-05-14T10:59:11.210522,29.34,44.4,1004.11
2025-05-14T10:59:12.216532,29.34,44.4,1004.11
2025-05-14T10:59:14.124678,29.28,44.53,1004.11
2025-05-14T10:59:14.224097,29.28,44.53,1004.11
2025-05-14T10:59:15.239942,29.28,44.53,1004.11
2025-05-14T10:59:17.142001,29.23,44.7,1004.11
2025-05-14T10:59:17.257467,29.23,44.7,1004.11
2025-05-14T10:59:18.272198,29.23,44.7,1004.11
2025-05-14T10:59:20.130151,29.18,44.93,1004.11
2025-05-14T10:59:20.270232,29.18,44.93,1004.11
2025-05-14T10:59:21.271812,29.18,44.93,1004.11
2025-05-14T10:59:23.123213,29.13,44.77,1004.08
2025-05-14T10:59:23.282787,29.13,44.77,1004.08
2025-05-14T10:59:24.281255,29.13,44.77,1004.08
2025-05-14T10:59:26.124045,29.08,44.86,1004.11
2025-05-14T10:59:26.272457,29.08,44.86,1004.11
2025-05-14T10:59:27.283432,29.08,44.86,1004.11
2025-05-14T10:59:29.123278,29.03,45.06,1004.08
2025-05-14T10:59:29.299269,29.03,45.06,1004.08
2025-05-14T10:59:30.297012,29.03,45.06,1004.08
2025-05-14T10:59:32.123675,28.98,45.41,1004.07
2025-05-14T10:59:32.290603,28.98,45.41,1004.07
2025-05-14T10:59:33.304360,28.98,45.41,1004.07
2025-05-14T10:59:35.140584,28.93,46.0,1004.08
2025-05-14T10:59:35.332451,28.93,46.0,1004.08
2025-05-14T10:59:36.339748,28.93,46.0,1004.08
2025-05-14T10:59:38.143569,28.88,46.12,1004.1
2025-05-14T10:59:38.355715,28.88,46.12,1004.1
2025-05-14T10:59:39.359366,28.88,46.12,1004.1
2025-05-14T10:59:41.144240,28.83,45.92,1004.09
2025-05-14T10:59:41.357464,28.83,45.92,1004.09
2025-05-14T10:59:42.357069,28.83,45.92,1004.09
2025-05-14T10:59:44.156751,28.79,46.07,1004.08
2025-05-14T10:59:44.357198,28.79,46.07,1004.08
2025-05-14T10:59:45.354356,28.79,46.07,1004.08
2025-05-14T10:59:47.156627,28.75,46.18,1004.1
2025-05-14T10:59:47.351890,28.75,46.18,1004.1
2025-05-14T10:59:48.351562,28.75,46.18,1004.1
2025-05-14T10:59:50.162161,28.71,46.29,1004.11
2025-05-14T10:59:50.352320,28.71,46.29,1004.11
2025-05-14T10:59:51.356018,28.71,46.29,1004.11
2025-05-14T10:59:53.169450,28.67,46.31,1004.1
2025-05-14T10:59:53.353857,28.67,46.31,1004.1
2025-05-14T10:59:54.353122,28.67,46.31,1004.1
